{
  "todos": [
    {
      "content": "테스트 1",
      "completed": false,
      "id": 1
    },
    {
      "content": "테스트 2",
      "completed": true,
      "id": 2
    },
    {
      "content": "테스트 3",
      "completed": false,
      "id": 3
    },
    {
      "content": "테스트 4",
      "completed": false,
      "id": 4
    },
    {
      "content": "테스트 5",
      "completed": false,
      "id": 5
    },
    {
      "content": "테스트 6",
      "completed": false,
      "id": 6
    },
    {
      "content": "테스트 7",
      "completed": false,
      "id": 7
    },
    {
      "content": "테스트 8",
      "completed": false,
      "id": 8
    },
    {
      "content": "테스트 9",
      "completed": false,
      "id": 9
    },
    {
      "content": "테스트 10",
      "completed": false,
      "id": 10
    },
    {
      "content": "테스트 11",
      "completed": false,
      "id": 11
    },
    {
      "content": "테스트 12",
      "completed": false,
      "id": 12
    },
    {
      "content": "테스트 13",
      "completed": false,
      "id": 13
    },
    {
      "content": "테스트 14",
      "completed": false,
      "id": 14
    },
    {
      "content": "테스트 15",
      "completed": false,
      "id": 15
    },
    {
      "content": "테스트 16",
      "completed": false,
      "id": 16
    },
    {
      "content": "테스트 17",
      "completed": false,
      "id": 17
    },
    {
      "content": "테스트 18",
      "completed": false,
      "id": 18
    },
    {
      "content": "테스트 19",
      "completed": false,
      "id": 19
    },
    {
      "content": "테스트 20",
      "completed": false,
      "id": 20
    },
    {
      "content": "테스트 21",
      "completed": false,
      "id": 21
    },
    {
      "content": "테스트 22",
      "completed": false,
      "id": 22
    },
    {
      "content": "테스트 23",
      "completed": false,
      "id": 23
    },
    {
      "content": "테스트 24",
      "completed": false,
      "id": 24
    },
    {
      "content": "테스트 25",
      "completed": false,
      "id": 25
    },
    {
      "content": "테스트 26",
      "completed": false,
      "id": 26
    },
    {
      "content": "테스트 27",
      "completed": false,
      "id": 27
    },
    {
      "content": "테스트 28",
      "completed": false,
      "id": 28
    },
    {
      "content": "테스트 29",
      "completed": false,
      "id": 29
    },
    {
      "content": "테스트 30",
      "completed": false,
      "id": 30
    },
    {
      "content": "테스트 29",
      "completed": false,
      "id": 31
    },
    {
      "content": "테스트 29",
      "completed": false,
      "id": 32
    },
    {
      "content": "테스트 29",
      "completed": false,
      "id": 33
    },
    {
      "content": "테스트 30",
      "completed": false,
      "id": 34
    },
    {
      "content": "테스트",
      "completed": false,
      "id": 35
    },
    {
      "content": "테스트",
      "completed": false,
      "id": 36
    },
    {
      "content": "테스트",
      "completed": false,
      "id": 37
    },
    {
      "content": "테스트",
      "completed": false,
      "id": 38
    },
    {
      "content": "테스트",
      "completed": false,
      "id": 39
    },
    {
      "content": "테스트",
      "completed": false,
      "id": 40
    },
    {
      "content": "테스트",
      "completed": false,
      "id": 41
    },
    {
      "content": "테스트",
      "completed": false,
      "id": 42
    },
    {
      "content": "테스트",
      "completed": false,
      "id": 43
    },
    {
      "content": "테스트",
      "completed": false,
      "id": 44
    },
    {
      "content": "테스트",
      "completed": false,
      "id": 45
    },
    {
      "content": "테스트",
      "completed": false,
      "id": 46
    },
    {
      "content": "테스트",
      "completed": false,
      "id": 47
    },
    {
      "content": "테스트",
      "completed": false,
      "id": 48
    },
    {
      "content": "테스트",
      "completed": false,
      "id": 49
    },
    {
      "content": "테스트",
      "completed": false,
      "id": 50
    },
    {
      "content": "테스트",
      "completed": false,
      "id": 51
    },
    {
      "content": "테스트",
      "completed": false,
      "id": 52
    },
    {
      "content": "테스트",
      "completed": false,
      "id": 53
    }
  ]
}